Age,Gender,Weight (kg),Resting HR (bpm),Heart Rate (bpm),Speed (km/h),Slope (%),Duration (minutes),Energy Expended (kcal),Anaerobic Threshold Reached?,Target Speed (km/h),Target Slope (%)
45,Male,70.4,60,122,4.8,1.5,109,630.3,No,7.5,3.3
24,Female,98.3,50,82,7.9,3.7,16,104.4,No,6.3,2.2
36,Male,81.4,62,168,6.8,2.1,57,348.4,Yes,7.4,2.7
20,Male,56.1,51,155,7.8,4.6,93,623.1,No,7.7,3.5
36,Female,68.7,68,130,7.0,5.0,80,535.5,No,8.8,4.8
65,Female,62.2,51,72,5.4,1.7,71,417.0,No,8.3,3.1
23,Female,88.3,69,133,8.5,3.2,34,220.7,No,6.7,2.2
47,Male,91.1,53,139,8.2,2.9,27,172.9,No,7.6,3.6
37,Male,69.1,54,164,4.6,1.0,107,605.4,Yes,7.7,2.3
30,Female,90.8,66,97,11.2,7.6,54,412.8,No,7.2,2.7
35,Male,65.3,61,144,5.3,1.4,49,284.1,No,6.6,2.1
36,Male,87.2,58,116,11.5,10.0,116,944.7,No,8.3,3.9
50,Female,57.9,52,82,9.6,5.3,32,224.7,No,7.6,4.3
23,Female,86.5,58,134,8.3,4.3,47,314.6,No,7.3,4.2
44,Female,80.1,67,134,6.6,2.2,103,627.9,No,7.9,2.0
30,Female,66.5,62,173,4.3,1.2,109,618.1,Yes,6.6,5.0
63,Female,90.0,54,138,14.9,6.6,89,694.8,Yes,8.0,3.3
53,Female,50.1,68,144,8.3,4.0,34,225.1,Yes,8.4,4.4
39,Female,79.4,51,85,6.4,3.2,110,690.5,No,7.6,2.6
64,Male,64.0,60,80,11.5,6.1,59,434.8,No,6.9,3.2
54,Male,75.7,55,133,6.4,3.3,55,346.5,No,6.8,2.9
20,Male,86.8,56,159,7.2,3.8,83,537.9,No,8.3,2.9
39,Female,65.2,53,148,3.6,1.1,81,451.3,No,7.3,2.7
36,Male,70.2,56,154,9.4,6.2,88,631.6,No,7.8,4.0
55,Male,60.2,64,96,5.7,1.1,79,457.1,No,7.9,3.4
51,Female,85.5,53,134,10.2,5.1,48,337.4,No,6.9,3.2
47,Male,80.8,64,93,13.1,9.4,20,163.9,No,6.8,3.4
21,Male,100.0,57,132,6.7,3.8,105,674.9,No,7.7,3.4
29,Male,79.3,52,78,14.2,6.0,100,762.9,No,8.3,2.7
43,Male,66.8,67,93,4.1,1.2,39,219.9,No,7.5,5.0
27,Female,53.8,53,153,6.7,3.7,90,576.8,No,7.3,5.0
52,Male,80.9,66,143,5.3,0.1,21,116.5,Yes,8.5,3.9
57,Female,65.9,54,138,7.1,2.8,63,394.8,No,6.7,2.7
51,Male,86.6,53,91,14.3,8.0,40,321.1,No,7.9,3.1
22,Male,70.4,53,84,3.8,1.1,62,347.4,No,6.6,4.4
34,Female,91.2,53,100,10.4,5.1,118,833.4,No,6.0,3.3
29,Female,73.7,70,174,4.7,0.8,66,371.1,Yes,8.7,3.3
49,Male,63.3,59,105,8.5,3.5,79,518.3,No,7.8,2.0
32,Male,55.4,50,155,12.3,9.6,109,887.9,No,6.1,5.0
27,Female,82.0,52,102,10.5,5.3,69,491.1,No,8.9,4.3
51,Female,63.1,68,154,8.1,4.5,30,201.2,Yes,6.6,2.3
18,Male,83.3,70,122,6.5,2.8,110,683.0,No,8.0,4.0
64,Male,70.5,65,133,7.3,4.1,78,510.6,Yes,8.1,4.9
34,Female,65.8,68,97,8.2,3.8,19,125.1,No,8.3,3.5
27,Male,57.7,58,132,8.0,4.7,57,384.0,No,8.9,3.4
62,Female,82.1,56,132,11.2,6.6,78,579.9,No,7.7,3.0
23,Male,70.0,68,98,3.3,0.9,114,628.3,No,6.7,3.6
65,Female,71.0,55,99,11.2,5.5,53,383.0,No,8.7,2.2
47,Female,71.5,55,83,14.1,9.0,112,918.4,No,8.2,3.6
41,Male,66.4,69,142,13.7,6.8,44,340.3,No,7.8,3.9
27,Male,59.2,63,87,9.9,7.2,18,133.7,No,8.6,3.7
44,Female,74.0,67,111,4.5,1.4,98,561.2,No,8.7,4.6
64,Female,67.9,50,134,13.6,8.1,90,717.8,Yes,7.0,4.1
30,Male,72.4,58,167,4.0,1.5,72,411.2,Yes,7.6,4.7
60,Male,86.7,65,101,5.1,1.0,72,410.2,No,7.6,4.2
21,Female,67.8,50,148,12.8,8.1,78,616.0,No,6.9,3.7
18,Male,89.6,61,124,8.0,2.5,120,756.7,No,7.0,3.1
42,Male,69.6,54,168,9.0,4.0,76,508.4,Yes,8.1,2.5
45,Female,83.6,59,151,8.2,3.8,78,512.9,Yes,6.7,2.2
58,Male,65.6,53,151,9.5,5.2,56,391.7,Yes,7.7,3.2
51,Female,78.7,58,105,6.4,4.1,63,407.1,No,7.9,3.0
38,Female,67.4,60,148,5.0,0.8,119,672.9,No,7.6,2.8
24,Male,62.5,54,80,10.6,8.3,114,879.4,No,6.4,3.8
38,Male,82.7,59,110,9.1,6.0,39,277.1,No,6.9,4.6
26,Male,61.5,67,131,6.0,2.5,31,188.9,No,8.6,3.3
42,Male,88.3,55,142,5.7,1.8,23,136.3,No,6.7,2.3
32,Male,57.3,60,108,5.7,0.5,117,663.8,No,6.2,3.6
59,Male,52.1,60,127,3.8,1.2,91,512.7,No,7.9,2.3
60,Male,65.4,62,93,8.7,4.4,116,783.8,No,6.9,2.1
42,Female,96.2,58,93,13.0,5.8,23,171.6,No,8.3,4.8
20,Male,66.4,61,152,5.2,1.2,99,570.1,No,8.1,4.3
48,Female,56.2,63,136,3.3,0.2,81,434.5,No,7.6,3.7
61,Female,86.2,57,107,6.5,4.1,67,433.2,No,6.4,4.1
42,Male,72.4,56,168,9.7,6.0,79,566.0,Yes,6.3,3.8
30,Female,54.0,54,75,11.3,5.4,23,165.7,No,8.8,4.2
65,Female,67.8,61,95,8.5,3.8,49,323.9,No,6.6,4.4
43,Male,99.4,64,117,5.1,1.4,66,382.0,No,6.9,3.1
47,Female,58.5,66,109,3.6,0.6,38,208.1,No,7.1,3.5
65,Female,83.6,62,106,13.8,7.4,81,637.4,No,7.9,4.8
47,Male,88.6,62,125,12.8,6.4,60,452.8,No,7.2,3.8
58,Female,78.8,65,137,7.1,3.0,66,416.7,No,6.3,4.7
49,Male,91.9,69,128,7.9,3.1,51,326.5,No,7.1,4.3
29,Male,93.9,70,120,6.9,3.6,27,172.8,No,7.0,3.6
21,Female,54.3,56,91,4.1,1.8,61,351.6,No,6.5,3.0
47,Male,51.8,66,112,9.1,9.2,88,681.4,No,8.3,3.5
20,Male,96.0,54,90,7.9,2.1,102,633.0,No,6.9,2.7
31,Male,51.1,63,90,6.5,2.0,48,290.5,No,8.1,2.1
59,Female,74.6,69,145,7.2,3.5,120,771.1,Yes,6.2,4.4
23,Male,65.7,57,171,6.3,4.4,111,722.9,Yes,7.3,4.6
64,Female,98.0,70,95,5.2,0.3,85,474.0,No,8.1,3.4
28,Male,80.3,50,75,7.0,4.1,78,509.1,No,6.6,4.8
57,Male,94.4,54,143,4.6,1.4,50,286.8,Yes,8.4,4.4
21,Male,96.1,57,169,3.9,0.1,59,319.7,No,6.3,3.1
38,Male,87.4,68,108,8.1,2.1,98,609.8,No,8.1,2.4
51,Male,85.5,54,98,8.0,4.2,58,385.1,No,8.6,3.4
36,Male,73.5,68,154,6.3,4.8,65,429.1,No,7.5,3.6
26,Female,95.2,52,106,8.0,2.2,34,212.3,No,6.5,2.6
45,Male,99.0,59,110,7.9,5.0,69,467.7,No,8.1,2.6
57,Female,90.0,57,111,14.1,6.3,116,888.9,No,6.3,4.5
35,Female,66.5,68,125,8.8,5.0,25,171.9,No,6.7,2.7
53,Female,68.4,50,81,13.9,7.9,53,422.2,No,7.4,3.9
43,Female,96.5,66,159,7.9,4.7,69,464.0,Yes,7.3,4.3
28,Male,70.4,59,110,3.8,1.1,40,224.0,No,8.4,4.9
65,Male,73.6,61,140,12.3,9.3,90,728.6,Yes,8.8,4.5
57,Female,63.7,54,144,14.9,7.0,91,718.7,Yes,8.2,4.0
35,Male,87.1,53,138,8.5,3.1,102,660.8,No,7.1,4.4
37,Male,78.4,70,168,3.2,1.4,120,671.7,Yes,8.3,3.3
23,Female,88.0,50,177,5.3,0.7,90,510.1,Yes,7.1,3.5
52,Female,55.5,60,113,5.5,0.0,94,521.9,No,6.5,4.7
27,Male,97.7,70,95,5.0,0.8,104,588.5,No,8.1,3.7
49,Female,74.5,63,100,13.7,5.2,35,259.7,No,7.2,3.0
32,Male,58.6,68,166,13.8,7.7,45,356.1,Yes,8.0,4.8
38,Female,50.5,59,119,4.7,1.0,18,102.2,No,7.6,2.7
34,Male,60.6,68,142,7.9,4.9,20,135.3,No,9.0,4.5
60,Male,72.5,53,117,6.0,1.9,110,656.4,No,8.9,3.4
36,Female,58.3,52,150,10.7,8.7,90,702.4,No,7.5,4.3
42,Male,68.4,65,164,13.3,10.0,57,474.6,Yes,8.5,3.7
56,Female,96.2,65,115,7.1,2.7,39,243.7,No,8.4,2.9
34,Female,68.0,66,129,4.8,1.9,90,527.2,No,8.7,3.4
20,Female,99.3,62,109,5.6,0.9,111,636.6,No,7.2,4.6
30,Female,82.4,62,149,12.9,5.7,85,632.3,No,8.5,4.3
32,Female,50.9,64,121,7.3,4.0,106,692.4,No,8.3,2.0
50,Male,96.6,70,109,4.2,0.3,45,246.6,No,7.0,3.8
57,Female,71.9,66,134,4.0,0.2,101,549.2,No,6.5,4.6
55,Female,67.3,61,95,14.5,5.2,16,119.7,No,6.5,2.2
65,Male,71.0,51,92,14.9,5.5,56,425.7,No,8.2,3.0
28,Female,65.5,63,109,12.7,8.1,17,134.1,No,8.3,4.9
35,Female,79.4,59,93,4.7,1.7,65,377.0,No,8.1,4.5
61,Male,91.0,58,135,8.2,3.7,70,458.6,No,7.6,2.9
54,Male,86.4,64,93,7.9,2.3,60,374.6,No,7.8,4.9
43,Male,56.1,68,130,11.7,9.7,119,965.9,No,6.0,2.3
60,Female,72.8,59,120,3.7,1.1,75,419.5,No,7.6,4.0
29,Female,53.8,58,154,13.9,9.1,30,245.9,No,6.3,3.8
59,Female,68.1,66,130,12.5,8.3,33,261.4,No,8.9,3.2
37,Male,75.1,52,154,6.2,3.7,68,431.8,No,6.4,4.3
25,Female,61.8,53,172,7.2,4.2,54,354.2,Yes,8.9,4.1
57,Female,70.2,64,129,10.3,8.5,100,772.8,No,8.0,4.2
18,Female,95.2,62,149,4.6,1.2,64,364.5,No,7.4,3.3
47,Male,89.7,58,87,4.2,0.6,63,348.7,No,7.0,2.4
33,Male,57.6,66,92,4.1,0.9,58,324.8,No,6.1,4.9
49,Female,50.3,56,85,8.1,4.8,92,623.1,No,7.2,4.4
48,Female,66.8,69,141,5.8,0.5,50,284.0,No,7.3,3.5
23,Male,89.6,56,130,8.5,3.7,28,184.7,No,7.1,4.0
18,Male,66.6,62,136,12.9,8.6,28,224.3,No,8.6,4.3
27,Male,55.5,62,157,5.8,1.2,102,594.2,No,6.3,4.4
43,Female,99.7,60,93,3.5,0.3,21,113.4,No,7.0,3.8
61,Male,60.3,60,81,9.6,8.9,34,263.4,No,6.6,2.8
56,Female,60.3,62,103,14.4,9.9,109,917.9,No,6.3,4.1
48,Male,95.9,68,148,8.2,3.5,110,717.7,Yes,6.9,2.7
35,Female,69.5,59,151,13.0,9.8,16,132.1,No,6.9,3.6
19,Female,77.2,50,101,12.6,8.1,120,945.8,No,6.8,2.9
58,Male,70.9,60,82,6.7,2.2,32,195.3,No,7.4,2.7
39,Female,84.8,65,136,7.4,4.2,88,579.7,No,7.5,2.7
30,Female,86.2,66,128,8.4,2.4,55,347.2,No,8.1,4.5
20,Male,64.8,51,105,10.0,5.8,25,179.2,No,8.6,3.3
26,Male,67.5,57,84,6.9,2.7,97,604.3,No,8.0,3.6
41,Female,60.4,68,96,4.5,1.9,89,518.4,No,6.6,4.2
36,Male,90.5,50,134,12.7,8.6,16,127.8,No,8.7,2.5
35,Female,91.4,56,120,8.6,2.3,31,196.2,No,8.2,2.6
38,Female,61.8,64,161,4.7,1.2,88,503.1,Yes,6.2,3.5
50,Female,53.6,52,101,6.3,3.8,101,646.6,No,6.3,2.0
34,Female,85.1,54,112,7.2,4.0,18,117.4,No,6.1,2.4
49,Female,88.7,67,140,6.2,4.3,118,763.4,No,7.6,2.0
37,Female,75.6,70,111,8.6,4.0,95,632.6,No,7.5,4.8
18,Female,75.5,65,115,10.1,7.5,47,353.6,No,6.7,3.9
52,Female,94.1,65,103,9.8,5.3,25,175.7,No,6.5,2.9
53,Female,88.3,61,89,5.9,0.6,81,463.1,No,8.2,4.5
29,Female,58.3,65,95,4.7,1.5,110,636.1,No,8.7,4.0
30,Male,92.0,67,87,7.2,2.4,28,173.7,No,7.3,2.3
50,Male,58.5,68,109,9.7,5.1,42,293.3,No,7.1,2.4
43,Female,79.4,58,141,4.4,0.8,70,391.7,No,6.6,2.2
49,Male,59.6,68,129,4.0,0.7,87,482.1,No,6.9,4.0
42,Female,68.6,59,140,12.0,9.6,42,340.7,No,8.6,3.3
51,Female,80.0,61,156,3.7,1.2,72,403.9,Yes,6.8,3.3
58,Male,58.3,63,127,10.9,9.3,96,763.0,No,6.2,4.1
44,Male,63.3,62,106,8.4,2.2,74,465.5,No,7.8,3.5
50,Female,54.5,64,85,4.2,0.6,43,238.5,No,8.8,4.8
54,Male,58.9,57,106,4.6,1.5,63,363.3,No,6.9,2.2
29,Male,93.1,50,111,14.7,10.0,78,660.6,No,8.9,2.7
27,Male,65.4,66,145,7.8,5.0,55,372.9,No,6.5,2.6
57,Male,77.1,63,153,5.8,0.9,73,420.3,Yes,6.2,3.7
55,Male,53.2,65,127,6.7,3.1,104,652.9,No,6.1,2.7
19,Female,98.3,65,167,5.1,0.1,53,293.4,No,7.3,2.5
51,Male,84.9,67,126,7.2,5.0,69,463.2,No,6.7,3.4
43,Male,56.0,64,119,9.6,6.0,88,630.9,No,7.1,4.4
23,Male,76.3,51,174,8.8,3.7,55,364.2,Yes,7.4,4.1
34,Male,52.0,67,88,13.2,10.0,85,707.0,No,9.0,2.3
32,Male,79.1,66,141,5.5,0.6,84,475.6,No,9.0,3.4
54,Female,77.9,54,129,10.9,7.2,112,842.4,No,8.8,3.0
58,Female,92.6,67,141,4.2,1.5,75,428.9,Yes,8.8,4.2
28,Male,69.7,68,116,6.5,3.0,71,444.0,No,7.5,4.6
52,Female,71.7,53,114,7.2,3.5,34,218.5,No,7.1,4.5
31,Male,74.6,50,152,12.0,8.8,119,946.2,No,6.8,4.2
40,Male,73.9,54,93,10.9,7.5,93,706.4,No,7.9,3.2
58,Female,95.5,61,81,3.8,0.2,39,211.1,No,6.6,4.1
26,Male,79.5,52,77,13.2,7.5,51,398.7,No,7.3,4.5
37,Female,82.1,67,88,3.0,0.3,28,150.2,No,7.7,2.1
60,Female,95.2,60,145,5.3,0.2,15,83.5,Yes,6.3,4.1
35,Female,77.4,63,145,11.3,6.0,61,447.5,No,6.4,2.8
28,Male,95.6,68,114,11.8,9.6,55,445.0,No,8.6,2.8
62,Male,71.9,67,137,11.1,5.7,87,631.3,Yes,7.4,2.6
63,Female,90.1,56,132,9.1,8.2,17,128.5,No,7.3,4.9
45,Female,74.4,69,144,12.9,8.4,109,867.8,No,6.2,2.1
65,Female,90.6,69,123,6.0,2.0,96,574.8,No,6.4,2.5
36,Male,71.6,58,132,9.1,5.6,41,288.3,No,7.4,3.3
41,Male,53.7,55,151,3.3,0.8,17,93.4,No,6.0,3.8
31,Female,54.1,67,150,9.4,6.0,116,827.9,No,7.8,2.1
63,Male,95.8,52,100,4.4,1.5,108,620.1,No,8.1,3.1
20,Male,54.0,52,108,5.5,1.3,100,580.6,No,8.6,4.4
31,Male,85.0,65,112,4.4,1.2,69,392.0,No,8.0,3.2
52,Male,71.9,51,86,8.8,2.8,95,612.4,No,8.2,4.4
46,Male,63.0,53,93,9.3,9.4,77,601.1,No,8.7,4.5
41,Male,98.4,60,155,11.0,5.9,51,371.1,Yes,7.1,3.6
22,Male,56.6,59,112,14.6,7.8,39,312.9,No,7.7,4.5
65,Female,69.0,55,77,4.2,1.8,84,485.7,No,7.6,3.7
59,Male,52.5,54,140,13.0,9.6,84,689.8,Yes,8.7,4.4
31,Female,65.6,52,102,3.7,0.5,100,546.6,No,6.0,3.2
37,Male,60.6,58,99,13.7,7.1,28,218.3,No,6.6,3.5
52,Female,96.8,66,140,8.1,4.5,99,664.0,No,7.7,4.5
20,Female,68.7,63,141,11.5,8.4,74,580.0,No,7.7,2.7
61,Female,79.6,56,131,7.7,3.7,16,104.2,No,6.6,2.2
53,Male,67.1,60,119,3.5,1.1,18,100.4,No,6.5,2.1
37,Female,58.1,64,151,7.1,2.8,96,603.0,No,8.3,2.6
40,Male,89.2,51,82,4.6,2.0,46,269.0,No,8.7,3.0
26,Male,61.2,52,140,10.4,7.7,60,454.4,No,7.1,3.7
36,Female,69.9,65,156,9.1,5.2,79,549.4,No,6.5,3.2
59,Male,71.3,69,103,8.4,4.2,86,574.0,No,7.7,2.5
26,Female,73.3,52,153,5.9,0.8,66,379.0,No,6.2,4.8
38,Female,62.4,55,90,7.0,4.8,104,693.5,No,6.9,3.3
29,Female,60.1,55,104,5.3,1.2,74,427.8,No,6.5,2.4
19,Male,66.8,52,87,6.0,1.1,31,180.2,No,6.3,2.4
41,Male,50.6,58,127,14.7,6.7,60,468.8,No,7.2,4.5
64,Male,71.8,65,99,11.5,8.9,37,293.3,No,7.2,4.5
52,Male,63.7,59,105,4.0,1.4,64,362.7,No,7.8,2.2
32,Male,95.2,62,120,10.4,6.1,97,704.2,No,7.7,3.5
37,Female,78.4,70,142,8.8,3.7,26,172.4,No,7.3,3.2
56,Male,75.4,54,123,8.3,3.3,54,350.8,No,7.2,4.7
33,Male,56.9,54,134,3.7,0.7,97,534.9,No,7.3,2.8
46,Female,75.7,65,111,7.7,3.0,118,750.9,No,6.6,4.6
63,Female,63.7,70,119,6.4,4.4,102,664.8,No,7.3,2.3
43,Female,92.3,51,152,5.3,1.6,28,163.9,Yes,6.2,3.3
39,Female,51.9,64,103,4.8,1.3,75,431.3,No,8.8,3.2
51,Female,82.4,50,127,5.7,0.9,29,166.8,No,7.5,3.1
46,Female,89.1,64,114,11.0,6.1,58,424.2,No,8.6,2.7
41,Male,99.8,57,93,8.1,3.1,108,695.7,No,8.7,3.8
18,Female,97.6,68,108,6.1,2.9,34,210.7,No,6.3,3.6
35,Female,65.0,60,90,9.8,7.9,27,204.0,No,8.2,4.1
52,Female,50.2,57,125,14.1,10.0,60,504.6,No,8.1,3.4
28,Male,91.7,52,113,7.9,2.9,36,229.2,No,7.4,3.3
55,Male,80.5,58,128,7.1,3.5,37,237.5,No,8.3,2.5
28,Male,70.0,70,167,11.2,9.0,80,633.9,Yes,7.5,3.3
37,Female,77.4,55,138,4.8,0.7,59,331.6,No,6.2,4.0
42,Male,93.0,68,105,8.8,3.4,108,709.1,No,7.1,4.9
24,Male,94.8,66,186,12.0,9.3,21,169.2,Yes,8.1,3.8
64,Male,96.0,53,117,6.4,4.7,64,421.6,No,6.5,3.3
57,Female,74.0,54,139,8.4,3.1,100,645.2,Yes,7.2,2.9
22,Female,77.7,59,186,9.4,9.7,28,220.5,Yes,7.5,4.2
22,Female,61.2,62,110,9.5,5.9,50,356.8,No,8.1,2.1
51,Female,98.4,52,111,14.2,5.4,20,150.0,No,8.3,2.0
60,Male,85.5,53,139,10.9,9.6,20,160.2,Yes,6.0,4.3
20,Female,68.9,61,93,13.9,7.6,53,419.5,No,7.8,3.5
64,Male,59.4,60,98,5.3,1.4,17,98.9,No,6.3,2.8
33,Female,86.5,56,76,3.9,0.7,43,238.2,No,8.5,3.6
43,Male,56.8,67,141,9.4,6.0,43,306.7,No,6.7,4.6
25,Female,54.5,51,160,13.9,7.9,52,414.5,No,6.8,2.1
34,Male,64.3,57,97,8.2,3.8,39,256.9,No,6.3,4.0
23,Male,96.8,54,92,3.5,0.5,68,370.7,No,6.4,3.8
41,Male,98.8,68,164,10.5,6.1,107,777.6,Yes,6.7,5.0
37,Male,90.0,61,170,7.5,4.0,97,635.0,Yes,6.6,4.2
62,Female,91.2,60,134,6.2,2.5,22,134.5,No,6.2,4.2
29,Female,91.5,65,161,7.8,3.7,53,344.8,No,6.1,2.2
34,Female,69.4,69,108,3.9,1.0,113,630.9,No,8.2,4.7
23,Male,61.8,69,103,6.6,3.9,107,689.7,No,6.5,3.6
34,Female,53.0,61,97,8.3,4.2,118,787.6,No,6.3,2.3
63,Female,70.1,66,134,13.4,5.5,79,588.7,Yes,7.9,3.6
24,Male,77.1,56,106,8.3,2.4,106,668.8,No,8.5,3.6
46,Male,85.1,55,81,4.5,1.9,78,454.5,No,8.4,2.9
56,Male,98.4,55,122,3.0,2.0,27,153.7,No,7.9,4.1
31,Male,68.5,59,100,5.2,1.6,81,473.2,No,6.7,2.6
29,Female,51.1,69,178,7.3,4.0,62,404.8,Yes,6.1,4.2
26,Male,95.0,67,129,8.6,3.5,86,564.0,No,8.0,4.2
63,Female,89.8,62,92,6.3,3.4,113,712.3,No,8.8,2.6
31,Female,70.2,54,142,8.2,4.0,104,689.5,No,8.9,2.2
27,Male,68.3,66,136,14.5,5.6,116,878.9,No,8.3,2.9
27,Female,56.7,64,94,6.7,2.3,87,534.5,No,7.5,4.5
34,Male,84.1,70,119,9.1,7.0,114,834.4,No,8.5,3.7
56,Female,95.1,70,140,7.1,4.3,73,480.2,Yes,8.7,3.3
56,Female,68.3,62,129,9.5,9.0,84,651.3,No,6.4,2.6
62,Female,74.6,55,144,11.9,8.7,92,728.9,Yes,8.8,2.8
50,Female,92.1,67,111,4.2,0.8,48,267.3,No,6.2,2.5
44,Female,84.0,63,165,9.1,9.3,45,350.3,Yes,7.8,2.8
59,Female,63.9,62,97,6.0,0.9,21,121.5,No,7.5,2.5
61,Female,87.2,64,100,4.2,1.5,22,125.9,No,8.9,2.6
30,Male,55.9,54,177,12.4,9.5,67,545.4,Yes,8.6,3.8
32,Male,97.0,66,150,11.9,7.2,54,412.4,No,9.0,3.3
35,Male,98.3,64,175,3.1,1.5,87,487.8,Yes,8.3,4.0
33,Female,86.1,54,157,7.2,3.8,83,537.6,No,7.6,2.4
64,Male,91.6,69,134,11.7,7.2,98,746.4,Yes,8.7,4.2
48,Female,91.0,69,89,4.3,0.4,68,374.9,No,6.5,2.5
25,Female,57.0,70,93,5.6,1.5,30,175.7,No,7.1,2.9
22,Male,51.4,54,85,6.2,4.0,94,603.9,No,8.5,4.7
62,Male,93.6,65,139,10.3,5.0,16,112.5,Yes,7.6,4.8
56,Male,84.4,67,106,14.0,6.7,21,162.8,No,8.1,3.0
37,Female,68.1,69,102,9.3,8.1,89,672.6,No,8.8,4.1
52,Male,94.1,52,84,10.9,8.4,99,768.8,No,8.3,3.2
30,Male,88.1,59,111,6.3,4.6,81,530.0,No,8.1,2.6
51,Male,60.6,58,88,11.8,7.6,68,522.8,No,6.8,3.5
63,Female,96.3,69,127,3.1,1.7,39,220.7,No,8.8,4.7
21,Male,96.2,56,148,8.9,2.8,116,748.4,No,7.2,2.7
47,Male,55.2,50,113,13.5,6.0,74,558.9,No,7.5,4.7
41,Female,81.3,62,148,4.7,0.2,42,231.6,No,7.1,4.0
61,Male,58.2,62,108,7.7,3.0,29,184.3,No,8.1,2.1
54,Female,56.0,52,126,8.0,3.7,27,176.6,No,8.6,4.8
25,Male,60.5,53,131,5.1,0.6,116,652.0,No,8.0,3.9
58,Male,55.8,64,111,5.3,1.9,46,271.8,No,7.7,4.2
62,Male,54.7,62,84,5.5,1.2,52,300.6,No,7.6,2.4
39,Male,92.3,54,89,3.9,1.3,96,542.9,No,7.4,2.2
19,Male,96.7,56,113,6.5,4.4,39,254.9,No,8.1,3.5
62,Male,92.7,50,118,4.6,1.9,95,555.0,No,7.3,3.0
28,Male,63.4,67,96,12.7,8.3,36,285.5,No,9.0,2.5
34,Male,86.6,51,104,8.3,3.1,103,664.2,No,8.0,3.2
65,Male,56.4,67,116,5.0,0.2,110,610.0,No,7.9,3.3
49,Male,56.0,53,87,11.3,9.3,16,127.9,No,7.3,2.7
55,Female,60.9,68,109,8.3,3.3,60,389.1,No,6.8,4.9
49,Male,59.8,55,161,4.0,1.9,101,584.7,Yes,8.1,4.1
49,Male,70.7,64,96,7.5,4.7,78,521.2,No,7.3,4.0
56,Female,95.4,69,147,9.0,8.7,90,688.5,Yes,6.4,2.5
48,Female,94.7,65,130,10.2,6.8,120,885.1,No,7.6,3.7
47,Male,97.3,50,107,7.4,3.2,27,172.1,No,8.9,2.3
32,Male,86.9,60,145,14.1,6.4,37,284.7,No,6.7,2.7
59,Male,84.6,62,137,6.9,4.8,53,352.2,Yes,7.4,2.5
19,Male,94.7,64,144,4.5,1.9,91,530.0,No,8.0,5.0
32,Female,90.6,55,103,14.7,9.8,69,582.2,No,8.7,2.6
36,Female,72.2,66,156,11.3,7.5,71,542.3,No,7.6,2.7
25,Female,98.4,65,110,8.5,4.7,25,169.9,No,8.7,4.1
35,Female,88.6,63,85,14.9,7.2,62,492.3,No,7.9,3.4
48,Female,79.7,59,134,12.5,7.7,82,639.1,No,8.6,2.9
42,Male,80.3,50,160,12.2,9.1,60,482.9,Yes,8.6,2.5
29,Female,58.2,65,139,6.6,2.7,43,266.7,No,7.3,3.6
46,Male,66.2,60,153,4.2,0.5,30,165.8,Yes,7.4,4.2
63,Male,74.1,57,88,8.0,3.7,65,425.8,No,7.6,4.4
46,Male,93.9,63,98,5.9,1.3,39,228.2,No,7.7,2.5
20,Female,58.8,57,148,13.9,8.0,102,814.6,No,6.6,4.7
21,Female,58.7,61,152,8.1,4.3,56,373.6,No,6.4,4.9
54,Female,73.3,57,124,5.8,1.4,48,281.9,No,6.5,3.2
26,Female,66.4,60,116,6.0,2.5,62,378.7,No,7.6,2.1
23,Female,89.9,61,100,4.7,1.7,52,302.2,No,6.2,2.9
29,Male,50.0,65,124,7.3,3.2,38,242.3,No,7.0,2.1
29,Male,74.7,58,84,7.2,2.2,96,591.6,No,8.7,4.6
20,Female,67.8,63,178,6.4,4.3,89,578.2,Yes,7.9,4.9
54,Female,69.0,57,154,11.2,6.5,111,823.3,Yes,7.0,4.4
19,Female,64.3,62,175,7.9,3.9,108,708.4,Yes,8.8,4.3
39,Male,84.1,54,122,13.7,7.8,79,626.5,No,7.4,3.6
41,Female,69.3,66,141,7.6,3.9,19,124.3,No,8.8,4.4
36,Female,55.7,51,72,6.2,2.7,41,252.4,No,7.9,4.8
38,Female,62.6,69,148,6.8,3.0,85,534.5,No,6.9,2.1
46,Female,55.8,59,96,6.6,4.6,67,440.4,No,7.7,4.6
23,Male,72.1,57,138,5.2,0.1,51,282.3,No,8.4,4.9
64,Female,99.7,52,107,9.6,6.7,71,518.2,No,8.1,4.1
52,Male,89.5,50,140,8.1,2.4,107,672.8,No,7.7,2.8
34,Male,54.3,60,148,9.1,8.4,117,887.1,No,8.2,3.7
42,Male,85.7,53,111,5.0,0.1,32,176.4,No,7.8,2.7
30,Female,91.8,70,160,5.3,1.1,112,643.6,No,8.4,4.6
37,Female,68.0,66,125,13.1,6.9,36,277.0,No,7.4,3.8
37,Male,53.8,67,117,12.3,7.1,85,649.8,No,6.8,4.1
54,Male,86.3,55,90,9.2,7.6,68,506.0,No,7.4,2.8
32,Male,73.8,68,168,3.9,1.6,19,108.5,Yes,6.5,4.6
49,Female,59.3,54,128,6.6,2.2,57,347.5,No,7.2,2.1
27,Female,93.0,64,182,12.1,6.0,34,251.5,Yes,8.3,3.7
62,Female,65.3,67,137,5.1,1.6,42,244.5,Yes,7.2,2.2
61,Male,65.3,63,108,4.2,2.0,117,680.0,No,8.9,3.2
30,Female,65.4,58,178,9.0,8.5,58,440.5,Yes,7.7,2.4
54,Male,90.2,61,151,6.2,2.4,70,427.9,Yes,8.1,4.3
49,Male,82.7,68,127,3.8,1.9,52,299.6,No,7.5,2.7
40,Male,73.5,66,127,8.8,2.0,35,219.9,No,8.2,2.8
42,Male,73.1,68,166,10.5,6.8,42,310.9,Yes,6.7,3.7
33,Female,98.6,52,136,5.4,0.1,51,283.3,No,7.3,3.5
53,Male,91.6,65,112,7.3,2.7,18,112.8,No,6.0,2.1
34,Male,63.3,70,165,7.5,3.4,15,96.5,Yes,6.3,3.5
28,Female,98.9,70,152,9.0,2.7,115,740.1,No,6.9,4.9
35,Male,89.5,52,88,12.8,9.9,55,454.4,No,8.7,3.9
64,Male,90.4,61,126,10.7,7.8,71,540.9,No,7.1,4.0
49,Male,76.1,70,130,4.5,1.3,67,382.8,No,8.3,2.8
26,Female,86.4,57,142,12.4,5.1,112,814.3,No,6.7,3.7
49,Male,89.1,60,156,6.4,3.5,73,462.7,Yes,8.8,2.9
58,Male,60.2,66,109,8.7,3.6,103,680.0,No,8.6,3.7
22,Male,65.6,68,113,6.1,2.7,115,707.2,No,7.7,4.1
57,Female,88.3,61,138,8.0,4.6,72,484.1,No,7.8,3.1
52,Female,87.2,60,151,14.1,8.2,117,942.6,Yes,8.5,4.7
54,Male,53.1,57,156,14.8,9.9,55,464.9,Yes,8.0,4.0
31,Female,68.1,70,134,12.1,5.5,77,563.4,No,7.4,3.5
55,Female,55.4,50,100,13.5,7.0,75,581.1,No,8.6,4.1
45,Male,74.4,70,128,8.3,3.5,108,705.9,No,7.1,4.0
24,Male,77.3,56,107,15.0,7.8,81,652.6,No,8.2,2.4
21,Female,51.8,52,130,10.7,6.8,36,267.3,No,6.1,4.0
61,Male,56.2,70,116,14.5,9.0,115,947.8,No,7.5,2.4
33,Female,69.5,69,171,14.0,9.9,105,879.7,Yes,6.6,2.5
52,Male,62.7,69,144,3.0,1.9,41,232.9,Yes,8.2,2.3
42,Female,81.4,66,144,11.6,9.3,93,745.9,No,7.2,3.9
21,Male,69.1,53,117,8.7,2.4,55,350.0,No,9.0,4.9
43,Male,97.3,60,107,4.3,0.4,30,165.3,No,8.6,4.3
18,Male,51.7,54,172,14.8,6.9,63,494.5,Yes,6.4,2.0
62,Male,98.7,66,116,5.2,1.0,120,685.0,No,8.4,3.8
40,Female,72.7,65,131,8.6,2.3,84,529.9,No,7.1,2.8
39,Male,95.6,56,162,12.3,7.6,69,534.5,Yes,8.3,4.1
37,Male,53.9,52,127,8.1,2.7,92,585.2,No,6.9,4.7
53,Female,77.7,67,139,10.3,7.3,79,591.8,No,7.0,3.2
38,Female,73.2,69,151,8.8,3.3,34,222.0,No,7.8,2.2
47,Male,57.5,55,119,7.4,2.2,81,500.6,No,6.8,3.5
46,Male,67.6,54,111,5.7,0.8,110,630.1,No,6.8,4.1
34,Female,95.2,65,125,8.4,4.3,69,462.3,No,8.3,4.5
52,Male,65.1,69,128,14.0,6.5,115,886.4,No,6.9,2.1
33,Female,80.5,56,131,7.0,3.5,72,461.0,No,6.7,4.7
33,Female,74.7,65,173,7.3,3.0,68,430.8,Yes,7.7,4.6
32,Female,52.2,58,147,7.8,3.5,46,298.5,No,7.5,2.1
26,Male,73.5,52,157,13.5,7.5,81,635.1,No,6.9,2.4
42,Female,58.8,69,147,13.9,6.9,24,186.6,No,8.4,3.3
45,Male,57.3,68,112,3.1,0.0,85,451.7,No,8.7,2.2
25,Male,60.4,53,144,13.3,9.3,93,761.6,No,8.0,4.8
50,Male,92.2,55,154,7.1,3.2,107,679.6,Yes,8.9,3.2
38,Male,73.6,57,77,6.2,3.7,111,706.4,No,8.4,4.6
65,Female,52.8,64,113,9.8,9.7,77,609.5,No,7.8,3.0
51,Male,62.4,53,118,3.6,1.1,45,251.5,No,6.8,3.0
59,Male,93.2,50,116,5.2,0.1,78,431.8,No,8.4,2.5
21,Male,67.6,60,173,5.1,0.5,34,190.5,Yes,6.1,4.1
24,Male,95.1,61,166,10.1,7.0,43,318.4,No,9.0,3.1
28,Male,66.6,60,105,6.7,3.2,18,113.6,No,8.7,4.8
54,Female,91.1,54,153,9.5,7.4,31,230.5,Yes,8.8,4.0
41,Male,87.7,66,97,5.8,1.2,116,675.3,No,8.2,4.1
53,Female,53.7,64,104,6.3,2.3,19,115.5,No,6.9,3.7
18,Female,59.5,59,192,14.7,6.1,93,715.3,Yes,8.0,2.5
56,Female,97.6,64,88,4.5,1.5,48,276.1,No,8.8,3.5
26,Female,63.6,52,151,8.2,3.6,29,189.6,No,6.9,2.9
46,Female,71.0,52,117,3.4,1.8,66,376.3,No,7.6,3.7
45,Male,73.9,54,145,6.1,4.6,87,568.7,No,7.4,2.2
51,Female,62.9,60,156,14.1,5.5,61,457.9,Yes,8.7,2.0
46,Male,72.8,62,97,3.4,1.7,22,125.1,No,7.4,3.7
32,Female,53.8,62,96,13.9,9.5,30,248.8,No,7.7,2.5
24,Male,53.3,50,90,12.1,8.3,70,551.5,No,6.4,2.0
56,Female,84.2,67,128,12.0,6.6,55,414.3,No,6.5,4.5
65,Male,89.3,69,144,11.6,9.9,113,919.2,Yes,7.3,3.4
31,Male,59.5,52,117,14.0,7.4,78,613.8,No,8.6,4.4
64,Male,71.1,51,78,10.3,7.2,116,865.9,No,6.7,4.8
50,Female,58.9,65,148,7.6,4.5,75,499.7,Yes,6.8,2.5
31,Male,96.7,53,106,6.5,2.4,113,692.7,No,6.7,2.4
62,Male,66.2,65,141,8.3,4.1,118,784.9,Yes,7.4,3.5
21,Female,84.6,62,170,14.6,7.5,17,135.2,Yes,6.1,3.4
51,Male,59.3,56,148,7.3,2.5,82,511.0,Yes,7.9,3.4
57,Male,70.5,63,148,6.6,2.4,28,171.8,Yes,8.1,4.6
60,Male,66.8,64,101,3.1,1.8,35,198.6,No,6.8,2.2
58,Female,70.8,55,113,3.5,1.3,32,179.6,No,8.8,3.6
58,Female,89.2,66,133,3.7,0.6,66,362.1,No,8.3,2.8
28,Male,62.4,68,107,8.1,3.0,96,615.5,No,6.9,3.2
27,Female,51.3,69,150,12.8,7.6,118,921.0,No,8.1,3.2
62,Male,91.4,58,140,10.3,8.1,115,880.2,Yes,7.4,4.0
25,Male,82.9,62,129,7.2,3.9,79,514.0,No,6.7,2.2
52,Female,75.4,59,151,8.1,2.9,102,652.7,Yes,8.0,2.9
29,Male,60.0,58,90,3.8,0.5,16,87.6,No,8.8,4.1
46,Male,71.5,55,89,8.1,3.9,81,533.7,No,8.2,4.9
55,Male,59.7,63,87,10.5,8.5,67,518.5,No,6.5,4.1
38,Female,68.5,55,138,7.8,2.3,101,630.8,No,7.8,3.8
47,Male,62.8,52,128,10.3,9.1,67,526.4,No,6.3,3.4
51,Male,71.1,53,98,6.1,4.2,92,593.1,No,6.2,4.5
57,Male,71.6,56,115,4.8,0.5,63,352.0,No,6.1,4.3
65,Male,57.8,58,101,11.3,7.6,77,589.7,No,7.0,3.7
64,Female,59.5,56,94,6.1,3.8,106,673.9,No,6.4,2.3
61,Female,69.4,51,87,8.0,3.2,47,302.4,No,8.7,4.7
35,Female,68.8,50,116,11.9,6.3,96,714.5,No,7.8,3.3
41,Female,76.3,52,92,8.8,3.7,80,528.9,No,8.6,4.6
28,Male,63.2,53,127,6.0,0.5,42,239.0,No,6.1,2.5
65,Male,65.8,53,118,7.1,4.2,78,511.0,No,7.6,2.8
44,Female,60.0,52,146,11.4,9.9,62,504.0,No,6.2,2.0
25,Female,76.2,68,185,10.3,5.8,31,223.0,Yes,8.7,3.8
23,Female,73.7,57,167,7.0,3.7,34,219.1,No,6.4,2.1
41,Male,59.1,52,136,4.1,1.4,83,473.2,No,8.2,4.4
61,Male,53.1,59,143,4.5,0.3,20,110.0,Yes,8.5,3.6
47,Male,81.1,64,85,7.6,3.2,62,397.1,No,6.8,2.6
53,Female,67.7,62,98,3.3,0.3,96,518.0,No,6.3,4.3
36,Female,63.7,61,130,6.0,3.5,27,170.2,No,7.9,4.8
18,Male,76.1,59,80,7.7,4.3,74,490.1,No,7.1,3.6
51,Male,67.7,59,111,6.5,2.6,62,382.1,No,7.8,3.0
32,Female,50.9,55,167,4.1,0.1,47,255.1,Yes,8.8,2.7
23,Female,53.7,65,122,13.8,9.2,93,763.9,No,7.1,3.3
29,Female,96.6,62,92,5.4,0.3,106,594.6,No,7.3,4.5
49,Female,53.9,54,92,11.4,6.0,120,881.3,No,8.6,3.6
51,Male,88.4,50,70,7.9,2.3,62,387.7,No,8.1,2.2
21,Male,99.4,63,158,7.6,4.3,30,198.3,No,6.9,4.9
25,Male,97.3,56,151,3.3,1.9,55,314.0,No,7.2,2.7
57,Male,67.8,70,130,9.6,9.9,91,723.2,No,6.3,3.7
30,Male,80.8,63,160,12.3,9.0,56,449.4,No,6.3,3.5
31,Female,92.8,57,157,8.3,4.1,65,432.4,No,8.8,3.7
52,Male,50.4,64,118,4.9,0.8,17,96.2,No,8.8,2.0
58,Female,81.5,66,131,5.4,1.4,74,431.0,No,8.3,2.6
31,Male,61.1,63,86,8.5,3.6,72,472.3,No,6.4,3.4
39,Female,68.8,62,136,5.3,0.9,73,416.3,No,7.3,3.7
50,Female,81.7,50,96,9.3,5.9,31,220.3,No,6.2,4.1
62,Male,84.4,56,90,6.4,3.4,100,631.9,No,8.1,2.1
47,Male,64.6,59,95,13.3,5.5,62,460.0,No,7.1,4.7
54,Male,51.3,68,104,13.0,5.5,112,829.3,No,6.1,4.2
61,Male,95.0,66,140,3.3,1.5,64,360.6,Yes,7.7,4.8
30,Male,74.6,66,131,14.5,7.6,116,925.6,No,7.8,3.2
33,Male,87.7,54,164,9.8,5.1,82,574.7,Yes,6.3,2.1
29,Male,65.6,56,118,10.6,8.1,17,130.5,No,8.0,2.2
18,Female,66.6,54,143,7.1,2.3,58,357.6,No,6.3,4.7
60,Female,79.0,50,87,14.4,8.1,90,725.3,No,6.8,5.0
19,Female,78.2,68,154,11.0,9.9,75,606.0,No,6.2,2.9
48,Male,57.8,64,113,5.9,0.4,82,464.2,No,6.1,3.3
44,Male,57.0,60,99,4.5,1.4,46,263.7,No,6.4,3.5
29,Male,56.2,52,174,6.9,3.5,80,511.6,Yes,8.7,2.5
28,Male,50.8,53,171,7.1,3.5,94,602.8,Yes,7.5,3.5
60,Male,56.1,53,79,8.2,2.1,82,512.2,No,8.1,4.3
42,Male,94.3,54,134,8.0,2.2,68,423.3,No,7.8,2.3
27,Female,57.5,63,143,6.5,4.2,20,129.7,No,8.1,3.1
26,Male,61.1,55,161,14.7,9.7,60,505.0,No,7.0,3.8
50,Male,81.1,62,144,8.1,3.5,23,149.9,No,6.1,4.0
19,Female,89.9,54,95,14.5,6.9,93,726.9,No,7.3,5.0
65,Male,65.8,54,83,6.3,3.5,15,94.8,No,7.2,4.1
29,Female,84.9,69,172,11.2,9.0,116,918.8,Yes,7.1,2.0
60,Female,85.4,56,149,13.9,6.7,25,192.9,Yes,8.2,3.0
63,Male,95.8,61,126,14.3,5.2,99,739.3,No,8.7,4.0
35,Male,64.8,53,99,8.6,3.9,117,777.3,No,7.8,2.9
29,Male,80.8,51,124,9.3,7.1,15,110.1,No,7.8,2.5
32,Male,53.4,51,152,5.4,1.3,106,613.6,No,7.8,4.9
22,Male,86.4,55,91,3.1,1.4,28,156.2,No,8.8,2.9
48,Female,97.7,51,117,7.1,5.0,59,395.2,No,7.3,2.9
20,Male,77.5,61,138,5.6,1.8,49,290.4,No,6.9,3.5
21,Male,70.6,66,140,14.4,8.2,90,727.1,No,7.2,2.7
19,Female,61.2,63,148,3.1,1.4,105,587.6,No,8.9,2.4
43,Male,87.3,66,147,10.4,8.5,51,395.0,No,6.1,3.6
50,Female,89.6,70,96,7.8,3.0,88,561.0,No,9.0,3.2
34,Female,85.9,62,175,7.1,2.6,116,721.9,Yes,8.7,4.1
34,Female,52.2,66,141,7.4,4.0,15,98.0,No,9.0,4.9
43,Female,88.4,65,134,12.9,7.4,72,558.6,No,7.6,3.5
22,Male,64.3,65,130,8.4,3.1,84,541.9,No,8.8,4.0
34,Male,57.5,64,161,5.6,1.4,72,419.9,Yes,8.0,4.9
28,Male,54.4,65,162,4.8,0.1,82,450.9,No,6.0,4.6
33,Male,90.0,69,139,3.9,1.2,51,287.2,No,9.0,4.1
33,Male,79.8,68,147,3.2,0.3,65,350.0,No,8.6,3.3
43,Female,68.0,64,107,4.9,0.3,19,105.2,No,7.3,4.8
24,Female,95.9,64,126,12.6,8.4,16,127.1,No,8.7,2.3
55,Female,95.4,55,136,9.6,5.1,104,726.5,No,7.7,2.2
55,Female,61.8,51,124,4.3,1.6,63,362.8,No,6.3,3.8
43,Female,66.8,62,127,13.1,8.0,81,640.8,No,8.4,2.3
55,Female,89.8,62,155,6.6,4.0,18,116.1,Yes,8.8,2.7
42,Female,77.1,52,74,11.5,5.4,65,469.9,No,8.5,2.8
31,Male,64.5,57,121,12.8,8.5,46,366.7,No,6.6,2.1
51,Female,93.4,51,107,11.3,8.1,100,775.2,No,8.7,2.9
44,Female,74.0,52,98,6.6,3.9,53,341.0,No,7.6,3.5
28,Female,56.6,53,94,3.3,0.3,79,426.1,No,6.0,3.3
27,Male,92.0,59,127,4.6,0.8,47,264.6,No,7.9,2.5
48,Female,74.6,64,135,9.9,8.6,90,694.7,No,7.1,4.7
33,Male,96.0,68,151,14.8,6.7,109,852.3,No,8.5,2.5
44,Female,86.9,52,150,8.9,3.2,106,691.9,Yes,7.7,2.5
40,Female,99.8,55,124,10.5,9.0,56,439.7,No,8.7,4.0
18,Female,54.9,57,91,8.0,4.6,63,423.5,No,7.3,4.6
26,Male,50.8,52,130,10.0,8.3,33,253.1,No,7.9,2.3
29,Male,55.4,66,147,14.3,6.8,95,741.0,No,8.7,3.0
60,Female,85.7,66,114,9.9,6.9,17,125.3,No,7.4,2.5
39,Male,83.7,66,91,10.7,9.3,38,301.1,No,6.9,3.6
57,Male,93.2,66,86,13.5,7.7,73,576.2,No,7.8,4.2
51,Male,58.6,64,124,7.5,2.9,84,531.4,No,7.3,2.5
36,Female,93.1,61,131,9.2,7.9,115,861.2,No,8.9,2.9
34,Female,84.7,51,124,7.2,4.4,92,607.4,No,6.4,2.0
55,Male,98.1,60,153,13.8,9.8,109,908.5,Yes,6.3,3.0
62,Female,98.2,50,126,3.6,1.6,56,318.1,No,8.7,2.0
53,Male,67.4,59,93,5.8,0.1,18,100.8,No,6.3,4.0
63,Female,76.9,58,93,12.5,7.9,98,767.7,No,8.0,2.8
61,Male,91.3,60,102,3.9,1.0,55,308.2,No,8.2,4.1
36,Male,57.4,51,126,12.9,6.7,42,320.4,No,7.2,3.2
29,Male,70.8,59,146,6.3,4.1,90,581.7,No,6.9,2.1
57,Male,50.6,57,135,6.6,4.2,44,286.2,No,6.1,2.7
22,Male,66.2,56,131,8.1,4.5,114,764.6,No,7.8,4.0
18,Male,97.3,57,107,5.1,1.0,80,456.7,No,7.0,2.2
19,Male,67.4,59,124,12.3,8.7,92,732.6,No,8.5,2.1
29,Female,58.2,57,86,14.1,5.6,112,842.6,No,7.0,4.2
56,Male,88.1,55,92,6.3,3.5,99,626.6,No,8.2,3.2
28,Female,54.2,55,103,6.2,3.6,71,450.4,No,8.0,2.6
33,Male,59.1,70,160,6.3,3.1,74,462.8,Yes,6.1,3.7
43,Female,62.8,53,89,12.0,9.4,71,573.4,No,6.1,2.3
34,Male,59.0,53,105,14.7,6.6,29,226.0,No,6.9,4.7
62,Male,94.9,65,147,13.7,5.2,65,481.3,Yes,8.0,2.0
31,Female,66.4,57,151,8.4,3.3,72,467.9,No,8.9,2.3
24,Female,81.9,53,152,7.6,4.6,93,621.5,No,8.4,2.9
56,Male,80.8,66,115,3.6,1.2,63,352.3,No,8.1,2.1
24,Male,75.6,66,99,5.0,1.4,115,664.0,No,8.6,3.1
18,Male,55.4,65,111,13.8,7.0,110,855.7,No,6.7,3.7
20,Female,94.5,66,135,8.0,2.8,59,375.7,No,8.9,4.6
36,Male,65.2,59,174,11.4,8.8,45,355.5,Yes,6.2,2.6
62,Male,88.1,57,142,3.9,1.7,106,607.7,Yes,7.9,2.6
48,Male,95.1,61,130,5.7,1.1,24,139.2,No,6.3,4.3
39,Male,90.0,62,99,5.3,1.9,55,325.2,No,8.7,2.8
42,Female,73.8,56,160,7.6,2.5,91,570.0,Yes,7.4,3.1
52,Female,97.3,62,123,10.2,8.0,63,480.3,No,6.4,4.8
54,Male,67.4,63,152,9.0,6.0,94,668.2,Yes,6.9,2.0
59,Female,87.0,65,92,11.1,9.8,42,338.8,No,8.1,3.4
49,Female,56.8,65,151,5.4,0.7,43,244.8,Yes,7.8,4.1
38,Male,87.7,56,111,3.9,1.5,53,301.3,No,8.4,2.6
42,Male,81.2,69,163,4.1,1.5,80,457.4,Yes,8.0,2.5
65,Male,72.0,68,144,5.8,0.0,99,552.9,Yes,7.1,3.0
22,Male,68.1,68,116,8.7,3.4,59,386.4,No,8.1,4.9
56,Male,53.6,53,144,4.5,0.9,19,107.1,Yes,8.3,4.7
51,Male,86.0,55,134,4.2,1.8,67,388.0,No,8.9,4.7
49,Male,85.9,50,137,6.1,2.4,101,614.3,No,7.3,4.6
19,Male,74.9,51,130,14.8,5.8,92,702.8,No,8.3,2.5
47,Female,52.6,66,136,3.7,0.5,91,497.0,No,7.6,2.8
45,Female,73.2,58,160,10.3,6.2,55,400.3,Yes,6.7,4.1
20,Female,67.3,58,102,7.8,2.0,56,346.5,No,7.4,2.2
39,Male,97.5,63,107,14.7,5.0,38,284.2,No,7.6,2.4
42,Male,94.5,58,110,5.8,1.5,91,534.9,No,8.7,4.1
65,Female,96.3,68,125,8.8,2.2,30,189.4,No,7.2,4.5
29,Male,88.6,57,166,4.8,1.8,45,262.9,Yes,6.1,5.0
61,Male,63.6,67,117,4.8,1.8,61,357.0,No,6.9,2.4
55,Female,66.9,54,104,6.0,0.4,119,675.8,No,7.7,4.9
47,Female,56.1,70,96,6.2,4.5,42,273.5,No,6.3,4.2
19,Male,65.1,52,167,5.0,0.8,91,515.1,No,6.8,4.1
65,Male,80.2,54,143,9.5,9.0,61,472.2,Yes,6.8,4.1
44,Female,74.2,58,108,13.8,9.5,103,853.3,No,8.9,5.0
31,Female,86.2,68,170,3.6,0.2,58,314.0,Yes,7.9,5.0
39,Female,54.9,54,98,8.5,3.8,81,535.8,No,8.0,4.5
38,Male,90.3,51,104,12.0,8.7,120,954.0,No,6.6,2.7
35,Female,52.0,61,145,4.8,1.9,102,597.5,No,8.9,4.1
25,Male,72.3,50,130,6.1,4.7,81,530.8,No,7.8,4.3
26,Female,76.7,61,96,3.8,1.9,52,299.8,No,6.2,4.3
33,Male,91.2,67,140,14.7,7.7,60,480.6,No,6.8,4.5
20,Female,88.6,69,135,6.7,4.7,98,648.1,No,6.0,3.6
36,Female,59.6,58,162,11.7,7.1,56,425.0,Yes,7.4,2.9
40,Male,94.4,55,105,3.2,1.1,74,410.8,No,8.9,3.1
24,Male,64.3,59,151,13.8,8.7,90,730.2,No,6.8,4.1
56,Male,97.3,66,136,10.3,9.0,115,901.3,No,8.6,3.3
34,Male,68.7,58,152,3.9,1.8,74,424.7,No,9.0,4.1
52,Female,75.5,61,134,13.2,6.2,119,900.0,No,6.2,3.9
21,Female,53.3,70,118,6.4,4.3,75,487.3,No,8.5,4.3
60,Female,87.1,55,138,7.7,2.0,54,333.2,Yes,7.1,3.2
32,Female,92.4,58,98,12.2,9.2,19,153.2,No,8.4,4.2
49,Male,97.5,63,111,10.9,7.8,54,413.1,No,8.9,3.0
63,Male,84.5,69,143,6.8,3.7,63,405.1,Yes,8.0,3.5
64,Male,76.4,64,120,4.3,0.7,17,94.6,No,8.2,3.0
26,Female,70.3,68,164,11.9,7.6,42,323.6,No,6.4,3.5
20,Female,69.0,51,109,9.0,2.9,107,692.4,No,8.7,3.5
57,Male,87.5,59,124,8.5,3.1,25,161.6,No,6.1,2.1
29,Male,88.4,63,175,8.1,3.7,75,490.7,Yes,6.0,3.9
56,Female,71.1,69,99,14.9,5.0,104,779.2,No,8.4,2.4
46,Male,64.9,61,164,5.8,1.3,18,105.1,Yes,7.3,5.0
42,Female,51.6,56,105,14.9,5.1,54,405.0,No,6.9,3.2
37,Male,72.3,59,164,10.5,8.1,117,896.8,Yes,6.4,2.3
27,Female,52.1,69,110,7.8,2.9,44,280.1,No,7.1,2.1
53,Female,78.5,66,148,5.9,1.5,103,606.8,Yes,6.1,4.3
37,Female,61.0,70,100,8.3,3.0,68,437.4,No,8.3,3.2
27,Female,80.0,52,126,9.4,6.2,16,114.7,No,6.1,5.0
65,Female,53.8,56,113,7.7,4.0,45,295.4,No,7.6,2.2
56,Female,50.8,55,97,8.4,2.5,63,399.9,No,7.7,4.4
44,Female,66.7,65,105,10.7,5.2,110,781.5,No,8.7,4.5
56,Female,86.2,70,100,10.8,8.9,102,801.3,No,8.5,2.1
19,Female,78.4,57,170,11.3,7.3,71,539.4,No,8.8,2.7
58,Male,56.1,59,95,13.5,6.7,41,315.8,No,6.8,3.8
25,Male,60.8,56,147,3.5,0.1,45,241.4,No,9.0,4.6
38,Male,63.6,61,104,6.3,3.4,60,378.1,No,6.6,2.3
35,Female,57.4,63,114,12.0,9.6,33,268.1,No,7.7,2.8
62,Female,85.5,62,89,5.9,1.7,110,652.0,No,6.5,2.6
39,Female,58.5,57,106,8.6,2.3,76,481.1,No,8.5,2.5
33,Female,63.4,66,116,3.6,1.2,25,140.1,No,7.4,4.7
65,Male,97.7,60,101,9.0,3.2,49,320.2,No,6.9,4.0
48,Male,89.8,64,108,4.1,1.7,43,247.6,No,8.5,3.6
21,Male,56.8,54,164,4.7,1.8,111,646.0,No,7.0,3.9
63,Male,68.6,66,138,6.1,4.1,59,379.0,Yes,6.6,3.9
21,Female,50.1,53,139,9.2,7.3,24,177.3,No,7.0,3.8
45,Male,65.6,51,103,3.9,0.6,63,347.8,No,7.2,2.9
22,Female,97.1,55,147,3.3,0.5,67,363.8,No,7.8,2.5
48,Female,78.5,64,86,9.2,8.5,35,266.9,No,8.3,3.8
54,Male,94.9,70,120,14.4,7.2,97,765.0,No,8.2,2.3
46,Male,97.7,55,153,8.2,3.8,71,466.8,Yes,7.6,4.4
45,Male,82.7,67,103,3.4,1.9,118,676.2,No,7.2,2.8
52,Female,51.9,70,109,4.6,1.9,70,408.5,No,8.5,2.2
50,Male,92.3,68,129,3.8,0.1,40,216.1,No,8.9,4.8
51,Female,81.9,55,107,4.1,1.1,80,449.8,No,6.9,3.2
22,Male,51.5,61,136,7.7,3.9,53,346.7,No,6.7,3.1
63,Male,55.6,58,130,12.8,6.8,108,824.5,No,7.1,3.4
36,Male,56.0,64,160,13.0,10.0,104,862.5,Yes,7.9,3.3
47,Female,60.5,55,158,6.7,4.7,64,422.3,Yes,8.5,3.7
38,Male,82.1,67,165,11.2,9.8,104,840.2,Yes,7.7,4.6
27,Male,90.8,69,108,7.4,4.7,98,654.4,No,6.6,4.8
56,Female,86.7,51,139,13.2,9.2,59,481.9,No,8.9,3.5
50,Male,94.4,52,73,6.2,2.2,18,109.2,No,8.2,2.8
63,Male,97.5,64,101,9.8,6.5,34,247.2,No,6.2,2.6
39,Male,65.4,64,136,13.6,6.0,113,854.3,No,8.9,3.1
39,Female,70.0,58,115,10.0,7.8,44,332.4,No,8.7,3.3
23,Female,72.0,58,110,11.0,7.7,41,312.9,No,7.5,4.0
47,Male,66.5,58,109,12.6,8.5,55,437.9,No,8.8,4.8
38,Male,94.2,61,144,14.5,5.1,105,783.3,No,6.7,3.4
30,Female,77.0,55,77,11.8,9.4,62,499.5,No,8.8,4.0
60,Male,78.7,63,99,7.2,2.9,113,712.1,No,6.8,2.1
39,Male,91.6,62,125,7.0,4.2,103,674.0,No,8.9,3.1
42,Male,52.2,66,119,6.6,2.8,48,298.7,No,6.9,2.6
28,Female,69.6,60,118,7.6,3.4,44,283.8,No,7.8,3.6
62,Male,71.2,63,104,7.7,3.6,25,162.2,No,8.7,3.4
24,Male,80.8,59,151,4.7,1.0,55,311.8,No,8.2,3.5
55,Female,72.2,62,92,11.0,6.2,89,653.0,No,7.9,2.9
35,Male,81.9,55,114,3.4,0.2,82,440.2,No,7.0,2.9
19,Male,66.1,62,108,6.3,2.8,106,655.4,No,8.6,2.4
25,Female,59.9,66,103,4.3,0.2,64,349.5,No,6.6,3.4
28,Male,87.5,56,151,6.6,3.9,31,199.8,No,7.8,3.1
24,Male,56.9,64,101,3.4,0.3,18,97.0,No,8.4,2.4
51,Male,61.9,61,119,4.7,0.5,55,306.9,No,8.6,2.6
26,Male,79.2,54,178,14.8,6.1,62,476.5,Yes,6.9,3.5
37,Female,79.4,51,123,11.9,5.8,49,360.3,No,6.6,4.0
31,Male,50.3,64,89,7.7,4.4,57,378.8,No,9.0,2.1
34,Male,71.9,52,151,13.3,5.7,59,440.8,No,8.0,3.9
23,Female,85.6,53,173,3.9,1.3,68,383.9,Yes,7.1,2.6
33,Male,90.7,54,138,11.6,7.1,96,727.6,No,8.8,3.4
30,Female,56.8,70,161,11.7,8.1,83,646.7,No,6.7,4.7
38,Male,92.5,56,165,4.4,0.3,23,126.6,Yes,7.0,2.5
41,Female,72.7,68,158,11.6,6.6,86,643.9,Yes,8.1,5.0
51,Female,78.6,65,141,13.5,7.3,89,695.9,No,6.6,3.7
65,Female,58.6,58,99,5.2,1.7,45,263.5,No,6.6,4.7
24,Male,96.1,70,176,12.9,5.3,120,881.8,Yes,8.9,2.2
59,Female,69.1,65,86,5.6,2.0,52,309.4,No,6.9,2.1
51,Female,79.9,56,109,11.6,9.9,87,708.4,No,7.2,3.6
29,Male,69.0,62,96,5.7,1.2,56,325.9,No,6.3,4.1
38,Male,95.7,69,105,14.9,7.7,117,940.8,No,8.8,3.6
42,Female,92.4,61,124,8.2,2.1,60,374.6,No,6.1,3.3
46,Female,61.8,54,82,7.0,4.2,27,176.7,No,6.8,4.2
63,Male,83.5,56,134,3.6,1.8,18,103.1,Yes,7.7,2.4
51,Male,68.9,67,88,12.3,7.8,50,389.8,No,8.3,2.5
30,Female,73.7,51,123,8.7,4.5,18,121.7,No,8.8,2.7
37,Male,52.5,68,138,5.8,0.5,91,516.7,No,6.2,2.2
61,Male,71.6,67,125,14.5,6.3,21,162.0,No,8.0,4.6
61,Male,69.8,60,143,12.2,9.4,56,453.4,Yes,7.8,3.4
60,Female,94.1,51,118,4.6,0.6,55,306.5,No,6.5,3.0
65,Male,80.2,52,76,7.3,4.5,55,364.3,No,7.1,2.1
62,Male,57.8,70,148,12.2,8.0,16,125.1,Yes,6.9,4.2
62,Male,87.4,65,85,3.5,1.8,28,159.8,No,7.8,4.6
47,Female,77.4,55,101,13.9,5.6,74,555.4,No,6.6,3.0
31,Female,53.1,60,86,3.5,1.8,118,673.6,No,8.6,2.2
29,Female,91.2,69,166,8.2,2.9,15,96.1,Yes,6.8,3.6
38,Female,62.0,56,120,10.5,8.8,72,563.0,No,8.7,2.7
25,Male,64.0,68,103,3.8,1.8,81,466.0,No,6.4,2.9
61,Female,54.7,55,120,11.3,9.5,45,361.3,No,8.2,2.3
31,Male,62.1,67,169,3.5,0.3,113,610.9,Yes,8.1,3.5
25,Male,74.4,69,172,9.7,5.3,104,731.0,Yes,6.1,2.9
23,Male,60.4,67,159,14.6,9.0,88,727.7,No,7.5,3.9
42,Female,88.5,69,158,7.7,2.8,35,221.7,Yes,7.1,2.4
50,Male,84.9,53,85,12.4,8.5,66,523.7,No,7.6,3.5
21,Female,93.2,54,78,7.7,4.4,78,518.0,No,7.7,3.4
38,Male,84.5,59,111,5.1,1.8,62,363.9,No,8.4,2.5
62,Male,87.5,58,108,7.9,2.6,56,353.7,No,8.6,3.7
56,Female,80.3,50,131,6.7,3.2,32,202.2,No,7.4,3.1
41,Female,98.4,61,135,11.3,5.8,113,823.0,No,6.9,4.5
49,Female,76.8,59,96,12.9,9.9,86,712.1,No,8.8,3.8
26,Male,72.6,62,113,13.5,5.0,36,264.6,No,6.5,3.8
56,Male,98.8,60,148,5.6,1.3,110,640.9,Yes,7.6,3.4
23,Male,87.6,53,74,11.0,5.3,40,286.5,No,7.3,4.6
29,Female,72.9,55,131,14.8,6.0,114,875.0,No,7.3,4.0
18,Male,71.1,61,192,3.8,1.1,71,397.2,Yes,7.1,3.4
31,Male,96.3,55,122,4.3,0.9,83,465.2,No,7.2,2.5
40,Male,52.6,64,144,8.4,3.2,33,214.1,No,6.4,4.2
30,Female,94.2,63,90,5.4,0.8,106,604.6,No,6.7,3.1
59,Male,58.6,65,85,4.8,1.5,101,584.2,No,6.9,3.9
41,Female,77.1,54,156,13.2,8.9,93,753.8,Yes,7.8,3.1
57,Female,91.4,54,103,8.6,2.9,34,218.9,No,7.4,3.4
31,Male,96.7,65,100,10.3,6.2,72,523.0,No,8.2,3.1
57,Male,99.1,69,115,3.7,0.1,87,468.5,No,8.2,5.0
56,Female,81.1,60,109,10.1,6.3,53,385.2,No,6.8,2.7
50,Male,80.7,69,102,9.9,9.0,35,272.5,No,8.4,4.8
29,Female,81.7,55,106,3.6,1.6,33,187.3,No,7.7,4.7
52,Male,85.1,67,116,10.2,9.9,40,320.3,No,8.0,4.6
51,Female,53.8,68,93,6.7,3.7,31,198.7,No,6.6,4.9
28,Male,96.3,50,120,13.6,8.0,40,318.0,No,8.5,2.5
32,Female,56.6,66,103,3.2,1.2,118,656.2,No,7.3,3.7
61,Female,53.4,70,96,8.7,4.5,61,412.7,No,8.8,4.7
48,Female,98.9,53,125,7.2,2.4,42,260.4,No,8.0,3.8
48,Female,66.4,70,109,6.7,2.0,118,716.8,No,8.0,3.5
35,Male,81.5,70,118,7.5,3.7,76,493.4,No,8.0,3.5
62,Male,83.0,55,114,10.2,6.2,75,544.4,No,7.0,4.1
56,Male,81.0,67,102,4.9,1.8,46,268.8,No,8.5,4.5
54,Female,58.9,57,154,4.0,1.5,71,404.9,Yes,6.3,4.4
24,Male,65.3,52,89,4.9,1.3,19,109.3,No,7.4,3.4
52,Male,62.7,52,72,3.2,0.3,35,187.9,No,7.9,3.8
36,Female,78.6,55,112,6.3,4.3,72,467.9,No,8.0,4.5
25,Male,88.5,55,107,4.3,0.8,100,560.0,No,6.0,2.7
36,Female,60.8,68,120,8.4,4.1,65,432.8,No,7.5,2.8
51,Female,55.6,67,96,14.0,9.3,92,759.5,No,7.4,2.3
39,Male,73.9,63,141,11.6,8.6,32,252.5,No,7.4,3.4
37,Male,54.3,52,134,5.9,0.7,111,635.5,No,6.9,3.5
61,Male,60.3,66,138,13.6,8.5,50,403.0,Yes,6.2,3.1
28,Male,52.4,68,99,4.2,1.8,88,507.8,No,8.8,3.1
39,Male,57.4,67,167,9.0,9.3,107,829.5,Yes,8.9,3.8
30,Female,82.9,57,117,8.1,4.7,98,662.4,No,6.6,4.0
49,Male,55.4,65,141,10.0,8.6,110,849.8,No,7.7,2.8
51,Female,95.3,54,76,6.2,2.9,51,315.7,No,6.5,2.9
34,Female,61.5,67,165,14.1,7.1,46,360.1,Yes,8.3,2.1
43,Female,96.0,65,90,9.0,3.5,18,118.8,No,8.9,3.7
45,Female,52.7,58,120,7.2,3.4,88,563.9,No,8.3,3.2
53,Male,91.9,53,105,5.3,1.8,27,159.1,No,6.8,3.8
65,Male,96.3,61,128,8.0,3.7,103,674.0,No,6.2,3.6
55,Female,91.3,65,119,6.3,4.7,22,144.6,No,6.2,4.6
30,Female,85.9,50,145,4.1,1.1,18,101.5,No,6.9,2.7
56,Female,56.3,59,104,9.8,5.6,81,575.6,No,7.5,4.0
34,Male,83.0,51,120,9.0,6.9,100,729.1,No,7.5,4.9
55,Male,90.0,66,125,13.4,9.9,78,648.0,No,6.7,4.9
27,Female,88.8,69,183,9.4,7.9,25,187.9,Yes,6.3,4.6
34,Male,61.3,61,171,6.3,2.1,59,356.7,Yes,6.6,3.9
61,Male,50.2,50,105,11.0,9.5,68,543.2,No,7.3,3.0
34,Female,86.6,55,116,3.9,1.7,15,85.9,No,7.0,3.1
57,Female,81.6,51,139,6.7,2.0,24,145.9,Yes,6.6,3.6
61,Male,77.1,55,140,7.7,2.4,92,576.1,Yes,6.6,2.5
48,Male,57.1,54,134,7.6,2.8,53,335.3,No,7.4,3.3
59,Male,99.3,51,118,6.2,2.6,96,589.0,No,7.7,4.8
18,Male,70.6,64,135,5.2,1.1,28,160.6,No,6.8,2.7
45,Female,67.3,57,138,7.2,4.0,39,254.0,No,7.5,3.4
26,Male,53.9,61,169,3.4,1.0,52,288.7,Yes,7.7,3.8
57,Female,78.1,67,113,4.5,0.9,91,512.7,No,8.3,2.4
45,Male,83.3,64,156,8.3,2.9,25,160.3,Yes,8.3,4.6
37,Female,65.8,52,137,3.2,0.8,117,641.6,No,6.2,3.0
28,Male,87.4,63,155,11.3,6.2,117,860.7,No,8.6,3.9
54,Female,53.9,57,156,7.3,4.5,104,688.9,Yes,7.2,3.0
19,Male,61.7,69,180,8.6,2.8,50,320.8,Yes,8.1,2.8
37,Female,90.7,67,137,5.4,1.4,77,448.0,No,7.2,2.1
43,Male,71.8,54,133,14.6,6.0,107,819.4,No,7.3,4.1
33,Male,84.1,63,151,6.4,4.4,66,431.0,No,7.6,4.0
54,Female,92.7,50,112,8.9,2.7,91,585.2,No,8.4,5.0
36,Male,82.6,51,75,3.1,0.3,28,150.6,No,6.5,4.9
41,Female,84.1,62,82,6.5,4.2,22,142.8,No,7.1,5.0
53,Female,77.2,66,124,7.5,2.7,52,327.5,No,7.3,2.4
18,Male,56.8,50,81,12.0,7.6,105,811.1,No,8.1,5.0
37,Female,53.5,67,137,12.4,7.7,29,225.5,No,6.7,2.5
34,Male,93.3,64,113,3.8,1.1,76,425.2,No,6.8,3.5
41,Male,67.2,59,87,5.3,0.4,17,95.4,No,8.7,4.0
32,Female,92.4,66,128,10.5,9.1,93,731.9,No,7.4,3.8
59,Male,55.2,58,137,7.2,2.7,28,175.0,Yes,7.2,2.8
32,Female,65.5,57,177,8.6,4.1,34,227.1,Yes,6.2,2.2
52,Female,92.1,54,115,10.1,6.2,83,601.6,No,8.5,2.1
42,Female,78.9,57,136,5.1,0.3,54,300.5,No,6.1,3.2
65,Female,78.4,69,117,5.6,1.7,17,100.4,No,6.0,4.7
50,Female,84.6,52,74,9.3,5.2,82,571.3,No,7.3,5.0
35,Male,75.3,66,147,4.1,0.4,72,395.7,No,7.2,4.9
55,Female,56.0,60,85,14.1,8.8,119,971.8,No,7.0,2.0
45,Female,78.8,59,119,13.1,7.3,89,691.8,No,8.7,4.8
52,Male,95.3,59,136,8.7,3.9,105,697.8,No,6.3,3.7
45,Female,65.0,56,140,12.3,5.5,43,314.8,No,8.5,4.5
46,Male,51.5,66,92,7.5,2.6,27,169.4,No,8.2,3.0
47,Female,83.5,60,131,8.9,2.5,42,268.8,No,7.5,3.5
40,Female,95.5,58,148,7.3,4.6,93,617.5,No,8.4,2.1
55,Male,98.4,60,110,11.5,7.1,32,242.7,No,7.4,4.8
24,Female,69.1,55,171,10.0,6.6,46,336.8,Yes,8.5,4.5
62,Male,72.5,56,81,7.6,3.9,85,554.9,No,7.5,3.3
19,Female,86.0,59,152,4.9,1.8,88,514.1,No,7.3,4.1
22,Male,88.2,65,107,6.0,4.1,24,154.3,No,6.1,3.0
38,Female,93.4,66,86,12.5,6.1,55,410.6,No,7.7,4.0
52,Male,60.5,67,125,5.7,0.8,109,625.2,No,7.8,3.2
31,Male,91.2,66,141,13.6,7.3,25,195.8,No,7.0,4.9
54,Male,100.0,59,98,10.9,9.3,24,191.1,No,8.8,4.7
20,Male,51.9,67,140,8.2,4.8,44,298.0,No,6.4,3.9
54,Male,88.7,57,133,9.3,7.1,51,374.7,No,7.4,2.3
49,Female,75.8,68,152,3.6,1.4,27,152.2,Yes,6.8,2.9
44,Male,70.2,63,113,3.1,0.1,115,613.7,No,6.3,2.7
37,Female,86.1,62,94,4.5,0.8,46,258.0,No,7.4,2.5
45,Male,69.8,62,108,3.2,0.5,48,260.2,No,7.2,2.1
18,Female,54.7,67,135,3.5,0.9,112,618.6,No,6.3,3.0
45,Female,89.2,57,149,6.4,2.7,79,487.7,Yes,7.9,4.9
60,Male,99.0,56,87,3.6,1.3,21,118.1,No,6.7,3.4
31,Male,91.0,51,147,13.5,9.5,25,206.1,No,6.7,3.6
44,Female,71.3,59,141,4.8,0.2,84,463.5,No,6.0,4.0
26,Male,56.2,56,136,4.7,0.6,75,418.4,No,7.8,2.8
61,Male,97.0,65,85,15.0,8.6,112,920.9,No,8.1,3.8
62,Female,85.3,59,113,6.8,3.6,74,472.8,No,6.4,3.5
31,Female,98.7,70,125,11.4,5.5,105,759.6,No,6.3,3.6
64,Female,74.0,69,97,3.2,0.8,108,592.7,No,6.8,4.4
38,Male,98.3,68,166,7.0,3.8,80,517.6,Yes,6.6,4.5
32,Male,91.3,51,174,6.4,2.3,45,274.2,Yes,7.7,2.7
53,Female,74.2,59,93,3.9,1.9,76,438.8,No,6.4,3.5
25,Male,96.2,61,117,9.1,6.0,18,128.0,No,6.2,2.3
38,Male,57.0,50,123,4.9,1.0,43,244.4,No,7.0,3.6
25,Female,53.8,67,146,8.6,4.9,70,478.0,No,7.2,2.9
52,Female,92.9,62,122,6.2,4.8,90,592.6,No,6.8,2.4
39,Male,54.4,70,125,13.1,5.8,108,807.0,No,7.3,2.7
51,Male,99.3,57,94,8.9,2.0,66,415.3,No,6.4,3.7
63,Female,80.4,62,113,5.4,0.8,26,147.9,No,6.5,2.5
51,Female,51.7,51,130,5.2,0.3,46,256.5,No,7.5,3.9
35,Male,97.3,62,117,3.1,1.4,81,452.7,No,6.7,2.9
29,Male,98.7,52,95,4.0,0.6,62,342.4,No,7.9,3.1
54,Male,91.7,63,83,5.8,1.9,115,684.5,No,6.7,2.7
51,Female,71.6,61,109,4.4,1.9,93,540.6,No,8.0,3.7
19,Male,52.3,68,132,10.6,5.1,62,439.4,No,7.9,4.7
57,Female,63.7,70,129,5.9,0.3,80,452.3,No,6.9,4.0
42,Male,72.2,64,88,12.2,7.0,41,312.6,No,8.9,4.7
34,Female,63.0,61,154,10.9,5.4,79,566.5,No,8.6,4.4
65,Female,55.9,52,140,9.1,8.2,48,362.0,Yes,9.0,4.7
57,Male,88.9,51,128,4.9,0.6,19,106.5,No,6.8,3.7
26,Female,65.7,64,120,8.0,4.6,116,779.9,No,7.0,3.8
39,Male,97.6,66,171,8.1,4.0,84,555.0,Yes,6.7,3.9
34,Male,80.0,59,84,8.7,4.9,87,595.1,No,8.5,4.7
53,Female,79.7,67,133,6.1,2.8,118,728.6,No,7.5,4.8
25,Male,75.9,67,173,4.1,0.4,38,209.0,Yes,7.5,2.1
36,Male,92.5,63,173,8.6,2.4,62,392.9,Yes,8.1,4.6
51,Male,93.1,55,117,4.5,2.0,25,146.3,No,8.6,4.3
22,Male,94.6,51,93,7.2,3.8,99,642.2,No,8.1,2.5
18,Male,80.5,65,142,10.8,8.5,55,428.0,No,7.9,4.2
45,Female,77.9,61,126,14.2,6.2,107,819.0,No,6.6,3.1
62,Female,56.8,52,97,5.0,0.1,65,359.1,No,6.6,4.6
26,Male,92.4,55,115,8.3,2.9,77,494.3,No,8.9,2.2
35,Female,69.1,61,171,6.1,2.7,63,387.0,Yes,8.2,4.5
38,Male,74.9,62,87,6.7,3.4,17,108.1,No,6.5,4.5
58,Male,78.7,66,86,6.0,2.9,84,518.7,No,6.7,4.6
61,Female,51.5,63,84,12.7,8.9,102,821.7,No,7.9,5.0
52,Female,65.8,60,151,11.0,5.1,39,277.4,Yes,7.0,2.1
51,Male,74.1,52,109,4.8,0.4,33,183.3,No,8.4,4.0
48,Female,57.0,66,137,9.7,7.5,17,127.1,No,6.3,3.2
59,Female,55.6,58,111,7.2,4.5,118,780.5,No,8.7,2.7
65,Male,99.7,70,126,6.8,2.6,29,179.9,No,7.2,2.0
65,Male,59.6,68,110,4.9,1.7,86,500.5,No,6.7,2.5
40,Female,54.7,55,124,7.7,4.0,97,638.0,No,8.5,2.5
52,Male,62.8,66,87,4.7,1.0,95,539.0,No,8.0,4.8
60,Female,87.8,68,141,10.4,9.8,18,144.0,Yes,7.2,3.6
55,Male,74.8,53,83,3.3,0.5,30,163.3,No,6.2,2.4
35,Male,82.1,70,118,8.1,3.0,91,584.0,No,8.0,3.6
63,Male,52.2,56,140,3.3,1.6,97,547.6,Yes,7.0,4.5
65,Female,86.3,61,105,4.7,0.2,42,231.1,No,6.8,2.8
43,Female,64.2,55,85,14.8,5.2,20,150.3,No,8.4,2.1
34,Female,53.8,62,128,12.3,8.3,23,181.5,No,8.5,4.2
32,Male,91.0,66,154,9.7,8.1,102,774.9,No,6.4,4.0
55,Male,71.4,64,87,12.7,6.8,20,152.5,No,7.1,2.7
30,Female,51.2,56,151,13.9,7.4,38,299.3,No,7.0,4.2
25,Male,78.7,50,117,12.1,8.3,95,747.0,No,6.2,3.0
61,Female,88.1,67,130,5.6,1.9,21,125.0,No,8.0,4.7
18,Male,55.1,63,141,8.0,2.5,35,220.5,No,6.8,3.2
27,Female,65.6,64,85,7.6,3.6,78,505.6,No,9.0,2.2
50,Male,75.2,56,138,6.2,4.3,78,504.9,No,8.5,3.7
30,Female,90.4,61,149,8.5,3.0,91,586.6,No,7.1,2.7
65,Female,54.8,61,124,11.6,6.3,118,875.9,No,8.7,2.9
56,Male,53.1,59,153,7.4,2.5,94,587.5,Yes,8.5,3.4
40,Female,58.7,51,80,7.9,4.3,70,465.0,No,7.2,2.9
60,Female,88.8,51,119,12.3,5.8,21,154.9,No,7.2,4.9
20,Male,80.2,70,180,7.0,4.1,39,253.8,Yes,8.1,2.5
20,Female,84.3,53,103,7.3,4.0,109,710.9,No,6.8,3.0
22,Female,67.4,63,89,3.3,0.1,92,491.5,No,7.2,3.8
39,Male,52.0,61,131,10.9,9.7,15,120.6,No,7.8,4.8
35,Male,62.9,69,102,14.7,9.6,24,201.3,No,8.6,4.1
52,Female,91.6,63,128,10.0,7.6,77,578.5,No,7.9,5.0
47,Female,95.7,62,89,5.8,0.1,79,442.0,No,7.1,4.3
42,Male,91.4,64,117,5.7,1.5,28,164.4,No,7.1,4.1
48,Female,80.9,70,101,3.9,1.9,35,201.5,No,6.1,3.5
56,Male,60.0,52,151,5.5,0.9,66,377.8,Yes,8.9,5.0
51,Male,84.9,70,136,7.1,2.4,119,736.6,No,8.0,4.6
21,Female,59.8,52,142,11.2,7.1,100,754.9,No,6.3,4.8
64,Male,67.0,53,94,9.7,8.2,50,380.9,No,8.8,3.6
62,Female,91.6,68,138,4.9,0.6,107,600.7,Yes,6.7,4.1
37,Female,67.9,52,159,5.7,1.1,67,387.9,Yes,6.8,3.0
45,Female,84.2,64,158,14.5,9.4,91,758.5,Yes,8.9,2.6
47,Female,61.8,53,123,8.4,2.2,113,710.9,No,6.8,2.5
42,Female,87.9,65,102,7.4,4.2,73,480.5,No,8.5,3.4
65,Male,70.9,69,127,7.8,3.6,93,605.7,No,7.7,2.3
55,Female,57.9,66,151,3.7,0.6,48,263.0,Yes,7.7,4.5
29,Female,65.1,54,161,11.7,6.2,97,718.2,No,6.6,4.0
38,Female,62.6,61,143,10.2,8.1,109,833.9,No,8.4,2.2
63,Female,86.2,50,78,8.4,3.5,32,209.7,No,8.0,4.5
25,Female,58.2,65,184,14.1,8.7,46,375.0,Yes,7.8,3.5
28,Female,50.8,69,106,5.4,1.3,33,191.3,No,7.4,3.0
50,Female,68.8,67,135,7.3,4.3,55,362.2,No,8.9,4.2
38,Male,70.4,66,134,7.6,2.3,56,348.1,No,6.9,3.4
27,Male,74.6,65,122,7.3,4.3,106,698.8,No,7.7,4.2
47,Female,97.5,67,119,11.0,6.2,32,234.5,No,8.7,4.0
53,Male,72.8,55,77,9.0,2.5,53,339.3,No,7.5,2.4
46,Male,65.4,54,160,10.3,6.0,21,151.7,Yes,7.8,2.5
59,Female,90.5,63,95,8.9,3.6,53,350.7,No,8.8,3.2
19,Female,85.3,61,157,9.1,6.8,61,443.4,No,7.1,4.2
53,Female,79.7,59,135,5.1,1.2,25,143.8,No,6.6,3.0
51,Female,94.7,68,128,14.2,6.8,90,699.6,No,6.0,3.8
40,Female,59.0,68,143,10.0,6.6,37,270.4,No,7.5,3.2
63,Female,58.9,52,137,7.4,2.7,29,182.3,Yes,8.0,2.3
32,Female,50.2,52,100,8.7,2.7,90,577.2,No,7.4,3.7
59,Female,73.1,62,112,5.9,0.5,94,533.9,No,6.0,3.1
18,Female,93.9,58,190,12.2,9.8,65,531.7,Yes,8.4,4.8
61,Male,69.7,65,146,4.5,1.5,57,328.1,Yes,8.9,4.2
30,Female,70.1,63,145,6.9,4.5,120,789.3,No,8.8,2.8
20,Male,55.7,53,99,7.4,2.4,37,229.9,No,6.7,4.6
57,Female,51.3,60,97,7.1,2.6,83,517.7,No,7.8,2.6
21,Male,81.9,66,114,4.2,0.3,16,87.5,No,8.2,3.7
51,Male,53.0,61,91,4.1,1.4,50,284.3,No,8.5,4.1
51,Male,56.4,62,117,9.6,9.4,31,243.0,No,6.3,4.3
49,Female,65.4,64,86,13.4,6.4,41,312.3,No,8.8,2.5
50,Female,65.4,62,128,7.9,5.0,42,285.1,No,8.3,2.3
18,Female,80.3,69,152,6.4,2.5,110,676.3,No,7.9,2.1
35,Female,57.2,58,158,11.6,6.8,70,525.8,Yes,7.1,2.5
33,Male,76.5,57,80,3.6,0.5,24,131.3,No,7.4,2.6
36,Female,60.6,67,165,5.1,2.0,114,672.6,Yes,6.5,2.1
52,Female,100.0,62,107,7.7,3.4,71,457.3,No,9.0,2.1
18,Female,71.3,55,170,11.8,8.5,97,763.4,No,7.4,2.9
23,Male,56.3,52,77,8.3,4.8,42,284.9,No,6.0,3.3
58,Male,56.2,56,117,7.9,3.5,39,253.2,No,8.0,3.4
46,Female,96.9,57,151,5.0,0.1,101,557.5,Yes,7.4,3.5
21,Female,72.4,55,149,13.3,8.4,102,816.7,No,6.5,2.2
33,Male,95.6,56,99,8.0,4.7,116,780.1,No,8.7,2.8
56,Male,93.2,69,120,4.9,1.8,55,321.3,No,8.8,4.3
39,Female,92.9,57,80,7.7,2.7,86,543.2,No,7.7,2.9
40,Female,68.8,61,165,6.7,2.0,117,710.5,Yes,7.8,2.9
27,Male,79.4,54,98,4.1,1.4,100,569.0,No,7.9,4.6
62,Female,87.8,61,107,5.0,1.4,101,585.1,No,8.6,3.6
19,Female,61.5,51,174,8.9,2.9,82,530.2,Yes,8.8,2.1
46,Female,88.2,54,81,5.5,0.3,16,89.7,No,8.0,4.1
33,Male,54.1,70,109,7.5,2.8,60,378.5,No,8.4,3.7
